{
  "default_agent": {
    "motivation":   [-1,0.3 ,1.0,0.6,0.9,0.85],
    "months_total": [-1,36  ,360,72 ,240,0.75],
    "tolerance":    [-1,3   ,15 ,5  ,10 ,0.75],
    "output":       [-1,0.8 ,2.5,1.5,1.9,0.8],
    "desired_role": [-1,0   ,11 ,0  ,11 ,1],
    "d_prob":       [-1,0.0 ,1.0,0.4,0.8,0.85],
    "consumption":  {
      "food":         [-1,1,5,1,2,0.75],
      "shelter":      [-1,1,3,1,2,0.75],
      "health":       [-1,0,3,0,2,0.75],
      "acquisition":  [0,0,1,0,1,1],
      "role":         [0,0,1,0,1,1],
      "audit":        [0,0,5,1,3,0.25],
      "equipment":    [-1,1,5,1,3,0.75],
      "security":     [-1,0,3,0,2,0.75],
      "data":         [-1,1,5,1,3,0.75],
      "ojt":          [-1,1,5,2,3,0.25],
      "professional": [-1,0,3,0,2,0.75],
      "formal":       [0,0,1,0,1,1]
    }
  },
  
  "min_resources": {
    "food":         11.45466221,
    "shelter":      11.07083293,
    "health":       7.623732982,
    "acquisition":  0.582376351,
    "role":         0.796643219,
    "audit":        11.28197107,
    "equipment":    14.28415691,
    "security":     7.33577439,
    "data":         18.0,
    "ojt":          11.57652835,
    "professional": 8.289898435,
    "formal":       2.41697557
  },
  
  "max_resources": {
    "food":         21.0,
    "shelter":      21.0,
    "health":       15.0,
    "acquisition":  5.0,
    "role":         5.0,
    "audit":        21.0,
    "equipment":    24.0,
    "security":     17.0,
    "data":         24.0,
    "ojt":          21.0,
    "professional": 18.0,
    "formal":       12.0
  },
  
  "role_ratios": {
    "food":         1,
    "shelter":      1,
    "health":       1,
    "acquisition":  1,
    "role":         1,
    "audit":        1,
    "equipment":    2,
    "security":     1,
    "data":         3,
    "ojt":          2,
    "professional": 1,
    "formal":       1
  },
  
  "org_consumption": {
    "acquisition":  [-1,1,3,1,2,0.75],
    "role":         [-1,1,3,1,2,0.75],
    "formal":       [-1,1,3,1,2,0.75],
    "audit":        [-1,0,5,2,3,0.25]
  }
}